Name,AlternativeName,Description
Afghanistan,Afghanistan,"common, English"
Afghanistan,Da Afġānistān Islāmī Jumhoryat,"official, Pashto"
Afghanistan,Islamic Republic of Afghanistan,"official, English"
Afghanistan,Jomhūrīyyeh Eslāmīyyeh Afġānestān,"official, Dari"
Argentina,Argentina,"common, English"
Argentina,Argentine Confederation,"official, English"
Argentina,Argentine Nation,"official and legally preferred, English"
Argentina,Argentine Republic,"official, English"
Argentina,la Argentina,"colloquial, Spanish"
Argentina,the Argentine,"archaic, English"
Argentina,United Provinces of the Río de la Plata,"official, English"
Armenia,Armenia,"common, English"
Armenia,Hayastan,"transliterated Armenian, original: Հայաստան"
Armenia,Republic of Armenia,"official, English"
Australia,Australia,"common, English"
Australia,Commonwealth of Australia,"official, English"
Australia,New Holland,"former name, English"
Austria,Austria,"common, English"
Austria,Österreich,"common, German"
Austria,Republic of Austria,"official, English"
Austria,Republik Österreich,"official, German"
Azerbaijan,Azerbaijan,"common, English"
Azerbaijan,Azərbaycan Respublikası,"official, Azerbaijani"
Azerbaijan,Republic of Azerbaijan,"official, English"
Bahamas,Bahamas,"common, English"
Bahamas,Commonwealth of The Bahamas,"official, English"
Bahrain,Bahrain,"common, English"
Bahrain,Kingdom of Bahrain,"official, English"
Bahrain,Mamlakat al-Baḥrayn,"official, Arabic"
Bahrain,State of Bahrain,"former official, English"
Bangladesh,Bangla,alternative name meaning the geographical land of Bengal
Bangladesh,Bangladesh,"common, English"
Bangladesh,Bengal Presidency,former political name
Bangladesh,Bônggô,"Bongo, historical name for geographical area of Bengal"
Bangladesh,East Bengal,former political name
Bangladesh,East Pakistan,former political name
Bangladesh,Gônggarriddhi,ancient name for Bengal region
Bangladesh,Gônôprôjatôntri Bangladesh,long official name in Bengali
Bangladesh,People's Republic of Bangladesh,long official name in English
Bangladesh,Purbô Bônggô,former political name
Bangladesh,Purbô Pakistan,former political name
Bangladesh,গঙ্গাঋদ্ধি,ancient name for Bengal region
Bangladesh,গণপ্রজাতন্ত্রী বাংলাদেশ,long official name in Bengali
Bangladesh,পূর্ব পাকিস্তান,former political name
Bangladesh,পূর্ববঙ্গ,former political name
Bangladesh,বঙ্গ,"Bongo, historical name for geographical area of Bengal"
Bangladesh,বাংলা,alternative name meaning the geographical land of Bengal
Bangladesh,বাংলাদেশ,"common name, meaning the country of Bengal"
Barbados,Barbados,"official, English"
Barbados,Bim,nickname
Barbados,Bimshire,nickname
Barbados,Little England,nickname
Barbados,The Rock,nickname
Belarus,Belarus,"common, English"
Belarus,Byelorussia,former name
Belarus,Gudija,Lithuanian
Belarus,Republic of Belarus,"official, English"
Belarus,White Russia,outdated
Belgium,Belgium,"common, English"
Belgium,Kingdom of Belgium,"official, English"
Belgium,Königreich Belgien,"official, German"
Belgium,Koninkrijk België,"official, Dutch"
Belgium,Royaume de Belgique,"official, French"
Belize,Belize,"common, English"
Belize,British Honduras,"former, English"
Benin,Benin,"common, English"
Benin,Dahomey,former name
Benin,Republic of Benin,"official, English"
Benin,République du Bénin,"official, French"
Bhutan,Bhutan,"common, English"
Bhutan,Druk Gyal Khap,"official, Dzongkha"
Bhutan,Kingdom of Bhutan,"official, English"
Bolivia,Bolivia,"common, English"
Bolivia,Estado Plurinacional de Bolivia,"official, Spanish"
Bolivia,Plurinational State of Bolivia,"official, English"
Bolivia,Republic of Bolívar,"former official, English"
Bolivia,Republic of Bolivia,"former official, English"
Bosnia & Herzegovina,Bosnia and Herzegovina,"official, English"
Bosnia & Herzegovina,Republic of Bosnia and Herzegovina,"former official, English"
Bosnia & Herzegovina,Socialist Republic of Bosnia and Herzegovina,"former official, English"
Botswana,Bechuanaland,"former, English"
Botswana,Botswana,"common, English"
Botswana,Republic of Botswana,"official, English"
Brazil,Brazil,"common, English"
Brazil,Empire of Brazil,"former, English"
Brazil,Federative Republic of Brazil,"official, English"
Brazil,Ilha de Vera Cruz,"former, Portuguese"
Brazil,Pindorama,"in Tupi and Guarani, native languages"
Brazil,República Federativa do Brasil,"official, Portuguese"
Brazil,Terra de Santa Cruz,early Portuguese colonization
Brazil,Terra di Papaga,"former, Italian"
Brazil,United States of Brazil,"former, English"
Brunei Darussalam,Brunei,"common, English"
Brunei Darussalam,Nation of Brunei,"official name, English"
Brunei Darussalam,State of Brunei,"colonial name, English"
Brunei Darussalam,the Abode of Peace,"official name, English"
Bulgaria,Bulgaria,"common, English"
Bulgaria,People's Republic of Bulgaria,"former official, English"
Bulgaria,Republic of Bulgaria,"official, English"
Bulgaria,Republika Bǎlgariya,"official, Bulgarian"
Burkina Faso,Bourkina-Fasso,unofficial French form in the first few days after the 1984 change from Upper Volta until the government clarified the official spelling
Burkina Faso,Burkina Faso,"official, English and French"
Burkina Faso,Haute-Volta,"former name, French"
Burkina Faso,Upper Volta,"former name, English"
Burundi,Burundi,"common, English"
Burundi,Kingdom of Burundi,"former official, English"
Burundi,Republic of Burundi,"official, English"
Burundi,Republika y'Uburundi,"official, Kirundi"
Burundi,République du Burundi,"official, French"
Cambodia,Cambodia,"common, English"
Cambodia,Democratic Kampuchea,former official
Cambodia,Kampuchea,former officially sanctioned common name in the English language and transliteration from Khmer language
Cambodia,Khmer Republic,former official
Cambodia,Kingdom of Cambodia,"official, English"
Cambodia,People's Republic of Kampuchea,former official
Cambodia,Royaume du Cambodge,"official, French"
Cambodia,State of Cambodia,former official
Cameroon,Cameroon,"common, English"
Cameroon,Kamerun,"former colonial, German"
Cameroon,Republic of Cameroon,"official, English"
Cameroon,United Republic of Cameroon,"former official, English"
Canada,Acadia,French colony
Canada,Canada,"official, English and French"
Canada,Dominion du Canada,"historical long form, French"
Canada,Dominion of Canada,"historical long form, English"
Canada,Francisca,as labeled on an old map
Cape Verde,Cabo Verde,"official, Portuguese and English; the Government of Cabo Verde now uses that form for official purposes in English as well as Portuguese"
Cape Verde,Cape Verde,"common, English"
Central African Republic,Central African Empire,English
Central African Republic,Central African Republic,"official, English"
Central African Republic,Empire Centrafricain,"former official, French"
Central African Republic,Oubangui-Chari,"former, French"
Central African Republic,République Centrafricaine,"official, French"
Central African Republic,Ubangi-Shari,African
Chad,Chad,"official, English"
Chad,Jumhūrīyat Tashād,"official, Arabic"
Chad,Republic of Chad,"official, English"
Chad,République du Tchad,"official, French"
Chile,Capitania general de Chile,colonial Spanish
Chile,Chile,"common, English"
Chile,Chili,Quechua
Chile,Chilli,Mapuche
Chile,Republic of Chile,"official, English"
Chile,Reyno de Chile,colonial Spanish
China,Cathay,"obsolete, now mainly used poetically"
China,Ch'in Empire,former historical
China,China,"common, ambiguous, English"
China,Communist China,"colloquial, mainly used by Western countries"
China,Mainland China,"colloquial, refers to the area that the PRC Government administers since the end of the Chinese Civil War, English"
China,New China,"colloquial, pro-Communist"
China,People's Republic of China,"official, English"
China,PRC,"initialism, English"
China,Red China,"colloquial, mainly derogatory"
China,Shenzhou,colloquial
China,Zhongguo,the name for China in Chinese language
China,中共,"colloquial and mainly derogatory, mainly used by the ROC with a cognate used in Vietnam"
China,中华人民共和国,official
China,中国,"common, ambiguous"
China,中国大陆/中国內地,"colloquial, refers to the area that the PRC Government administers since the end of the Chinese Civil War"
China,新中国,"colloquial, pro-Communist"
China,神州,colloquial
Colombia,Colombia,"common, English"
Colombia,Confederación Granadina,"former official, Spanish"
Colombia,Estados Unidos de Colombia,"former official, Spanish"
Colombia,Republic of Colombia,"official, English"
Colombia,República de Colombia,"official, Spanish"
Colombia,República de la Nueva Granada,"former official, Spanish"
Comoros,al-Ittiḥād al-Qumurī,"official, Arabic"
Comoros,Comoros,"common, English"
Comoros,Udzima wa Komori,"official, Swahili"
Comoros,Union des Comores,"official, French"
Comoros,Union of the Comoros,"official, English"
Comoros,United Republic of the Commoros,"official, English"
"Congo, Dem. Rep.",Belgian Congo,"former name during Belgian colonization, 1908 to 1960, English"
"Congo, Dem. Rep.",Congo belge,"former name, French"
"Congo, Dem. Rep.",Congo Free State,"former name, 1885 to 1908"
"Congo, Dem. Rep.",Congo Kinshasa,"used in contrast to ""Congo Brazzaville"""
"Congo, Dem. Rep.",Democratic Republic of Congo,"official, English"
"Congo, Dem. Rep.",DRC,"initialism, English"
"Congo, Dem. Rep.",Republic of the Congo,"former name, 1960 to 1964, during which time both Congos had identical official names"
"Congo, Dem. Rep.",Zaire,"former official name, 1971 to 1997; still occasionally used to distinguish it from Republic of the Congo"
Congo (Rep),Congo,"common, English"
Congo (Rep),Congo Brazzaville,"used in contrast to ""Congo Kinshasa"""
Congo (Rep),French Congo,"former name during French colonization, 1880 to 1910, English"
Congo (Rep),Republic of Congo,"official, English"
Costa Rica,Costa Rica,"common, English"
Costa Rica,Republic of Costa Rica,"official, English"
Costa Rica,República de Costa Rica,"official, Spanish"
Cote d`Ivoire,Côte d'Ivoire,"common, French and official, English"
Cote d`Ivoire,Ivory Coast,"common, English"
Croatia,Croatia,"common, English"
Croatia,Hrvaška,Slovenian
Croatia,Hrvatska,"common, Croatian; also in Serbian, Bosnian and Montenegrin"
Croatia,Republic of Croatia,"official, English"
Croatia,Republika Hrvatska,"official, Croatian"
Cuba,Cuba,"common, English"
Cuba,Republic of Cuba,"official, English"
Cuba,República de Cuba,"official, Spanish"
Czech Republic,Bohemia,"former, English"
Czech Republic,Česká konfederace,"Czech for the ""Bohemian Confederation"""
Czech Republic,Česká republika,"official, Czech, Slovak"
Czech Republic,České země,"Czech for ""Bohemian lands"" or ""Czech lands"""
Czech Republic,Česko,"common, Czech, Slovak"
Czech Republic,CR,English initialism
Czech Republic,ČR,Czech initialism
Czech Republic,CSR,English initialism
Czech Republic,ČSR,Czech initialism
Czech Republic,Czech Republic,"official, English"
Czech Republic,Czechia,"rare, English"
Czech Republic,Czechland,"unofficial, English"
Czech Republic,Former Česká socialistická republika,"Czech for the ""Czech Socialist Republic"""
Czech Republic,Koruna česká,"Czech for the ""Bohemian Crown"""
Czech Republic,Protektorát Čechy a Morava,"Czech for the ""Protectorate of Bohemia and Moravia"""
Czech Republic,the Czechlands,"unofficial, English"
Czech Republic,Země Koruny české,"Czech for the ""Lands of the Bohemian Crown"""
Denmark,Danmark,"common, Danish, Swedish, Norwegian"
Denmark,Denmark,"common, English"
Denmark,Kingdom of Denmark,"official, English"
Denmark,Kongeriget Danmark,"official, Danish"
Djibouti,Côte française des Somalis,"former names, French"
Djibouti,Djibouti,"common, English"
Djibouti,French Somaliland,"former names, English"
Djibouti,French Territory of the Afars and the Issas,"former names, English"
Djibouti,Obock Territory,"former names, English"
Djibouti,Republic of Djibouti,"official, English"
Djibouti,République de Djibouti,"official, French"
Djibouti,Territoire d'Obock,"former names, French"
Djibouti,Territoire français des Afars et des Issas,"former names, French"
Egypt,Aegyptus,"former, Latin"
Egypt,Arab Republic of Egypt,"official, English"
Egypt,Egypt,"common, English"
Egypt,Kīmi,Coptic
Egypt,Meṣr,"common, Arabic"
Egypt,Miṣr,"formal shortened, Arabic"
Estonia,Eesti,"common, Estonian"
Estonia,Estland,"common, German, Swedish, Danish, Norwegian, Dutch"
Estonia,Estonia,"common, English"
Estonia,Igaunija,"common, Latvian"
Estonia,Maarjamaa,"Terra Mariana poetic, Estonian"
Estonia,Viro,"common, Finnish"
Estonia,Viru,"poetic, Estonian"
Ethiopia,Abyssinia,former
Ethiopia,Al-Habasha,Arabic
Ethiopia,Ethiopia,"common, English"
Ethiopia,Ethiopië,"common, Dutch"
Ethiopia,Federal Democratic Republic of Ethiopia,"official, English"
Ethiopia,Habeshastan,Turkish
Finland,Finland,"common, English and Swedish"
Finland,Finlyandiya,Russian
Finland,Lääˊddjânnam and Lääˊddjânnam tääˊssväˊldd,"Skolt Sami, official"
Finland,Republic of Finland,"official, English"
Finland,Republiken Finland,"official, Swedish"
Finland,Soome,"common, Estonian"
Finland,Suomâ and Suomâ täsiväldi,"official, Inari Sami"
Finland,Suomen tasavalta,"official, Finnish"
Finland,Suomenmaa,"poetic, Finnish"
Finland,Suomi,"common, Finnish"
Finland,Suopma and Suoma dásseváldi,"North Sami, official"
Finland,Velikoye knyazhestvo Finlyandskoye,"Russian, as Grand Duchy of Finland"
Finland,Великое княжество Финляндское,Russian
Finland,Финля́ндия,Russian
France,Farança,common Arabic
France,France,"common, English and French"
France,French Republic,"official, English"
France,Gallia,Contemporary Greek name
France,Gaul,"former name, English"
France,Gaule,"former name, French"
France,La France,"unofficial, French"
France,L'Hexagone,"often journalistic, colloquial French"
France,République Française,"official, French"
France,Γαλλία,Contemporary Greek name
Gabon,Gabon,"common, English"
Gabon,Gabonese Republic,"official, English"
Georgia,Colchis,"former, English, West Georgia"
Georgia,Georgia,"official, English"
Georgia,Iberia,"former, English, East Georgia"
Georgia,Iveria,usually used as Christian name
Georgia,Republic of Georgia,"former, before the 1995 Constitution"
Georgia,Sakartvelo,in their own language
Georgia,گرجستان,"Gorjestan, Persian"
Germany,BRD,German initialism
Germany,Bundesrepublik Deutschland,"official, German"
Germany,DDR,German initialism
Germany,Deutsche Demokratische Republik,"official, German"
Germany,Deutschland,"common, German"
Germany,Duitsland,"common, Dutch"
Germany,Federal Republic of Germany,"official, English"
Germany,Former East Germany,"unofficial, English"
Germany,FRG,English initialism
Germany,GDR,English initialism
Germany,German Democratic Republic,"official, English"
Germany,Germany,"common, English"
Ghana,Ghana,"common, English"
Ghana,Gold Coast,colonial
Ghana,United Gold Coast Convention,UGCC
Greece,Greece,official English description
Greece,Hellas,official and common name
Greece,Hellenic Republic,"official name of Greek state, English"
Greece,Yunanistan,Turkish
Greece,Ελλάδα,"""Hellada"" common name in Greek"
Greece,Ελλάς,"""Hellas"" official description in Greek"
Guinea-Bissau,Guinea,"shorthand, English, used when context clearly distinguishes Guinea-Bissau from the neighboring Republic of Guinea"
Guinea-Bissau,Guinea-Bissau,"common, English"
Guinea-Bissau,Guiné-Bissao,"archaic, Portuguese"
Guinea-Bissau,Portuguese Guinea,"former, English"
Guinea-Bissau,Republic of Guinea-Bissau,"official, English"
Hungary,Hungaria,"short form, Latin"
Hungary,Hungary,"official, English"
Hungary,Kingdom of Hungary,1000–1918 and 1919–1946
Hungary,Magyar Királyság,"Hungarian for ""Kingdom of Hungary"""
Hungary,Magyar Köztársaság,"Hungarian for ""Republic of Hungary"""
Hungary,Magyar Népköztársaság,"Hungarian for ""People's Republic of Hungary"""
Hungary,Magyar Tanácsköztársaság,Hungarian name of the first People's Republic
Hungary,Magyarország,official Hungarian name; has been the commonly used form of the name during all its history
Hungary,People's Republic of Hungary,"official, 1918–1919 and 1949–1989"
Hungary,Regnum Hungariæ,"official in Latin, the language of administration until 1834"
Hungary,Republic of Hungary,official between 1946–1949 and 1989–2012
Iceland,Fold,poetic name
Iceland,Frón,poetic
Iceland,Iceland,"official, English"
Iceland,Ísafold,poetic
Iceland,Ísland,official Icelandic name
Iceland,Lýðveldið Ísland,official Icelandic description
Iceland,Republic of Iceland,official English description
Iceland,Thule,"Latin name, also poetic"
India,Al-Hind,name in Arabic and Urdu
India,Aryavarta,name in Sanskrit
India,Bhārat,official name in Hindi
India,Bhārat Gaṇarājya,official long form in Hindi
India,Bhārat Prajatantra,official long form in Bengali
India,Bhārata,in Kannada
India,Bhāratadēśaṁ,in Telugu
India,Bhāratavarṣa,name in Sanskrit
India,Bharatham,official name in Hindi
India,Hindustan,unofficial name in Hindi and Urdu and Persian
India,India,common name in English and Malayalam
India,Republic of India,official long form in English
India,Union of India,semi-official name
India,இந்தியா,in Tamil script
India,భారతదేశం,in Telugu
India,ಭಾರತ,in Kannada
India,ഇന്ത്യ,in Malayalam
Indonesia,Dutch East Indies,"former, English"
Indonesia,Hindia Belanda,"former, Indonesian"
Indonesia,Indonesia,English
Indonesia,Indonesië,"common, Dutch"
Indonesia,Indunesia,suggestion for Dutch East Indies' modern name
Indonesia,Insulinde,from the Colonial era
Indonesia,Nederlands-Indië,"former, Dutch"
Indonesia,Netherlands East-Indies,"former, English"
Indonesia,Nusantara,dating back from Hindu era
Indonesia,Republic of Indonesia,"official, English"
Indonesia,Republik Indonesia,"official, Indonesian"
Iran,Faris,unofficial in Arabic
Iran,Iran,English
Iran,Islamic Republic of Iran,English official name
Iran,Persia,former/historical name
Iraq,Assyria,former/historical name
Iraq,Babylon,former/historical name
Iraq,Iraq,English
Iraq,Mesopotamia,former name
Ireland,Banba,poetic names
Ireland,Éire,official Irish name
Ireland,Erin,poetic names
Ireland,Fodla,poetic names
Ireland,Hibernia,"Latin name, also poetic"
Ireland,Ireland,"common and official, English"
Ireland,Irish Free State,1922–1937
Ireland,Poblacht na hÉireann,official Irish description
Ireland,Republic of Ireland,unofficial English description
Ireland,Saorstát Éireann,Irish 1922–1937
Israel,Dawlat Isra'il,official Arabic name
Israel,Eretz Yisrael,Bible
Israel,Israel,English
Israel,Medinat Yisra'el,official Hebrew name
Israel,State of Israel,official English name
Israel,Tel Aviv regime,used in Iran's news media
Israel,the Hebrew State,unofficial
Israel,the Holy Land,Bible
Israel,the Jewish State,unofficial
Israel,the Zionist entity,"referred to Arabs and Muslims, also used by Iran's news media"
Israel,ארץ הקודש,Bible
Israel,ארץ ישראל,Bible
Israel,מדינת ישראל,official Hebrew name
Israel,دَوْلَة إِسْرَائِيل,official Arabic name
Italy,Ausonia,poetic names
Italy,Enotria,poetic names
Italy,Esperia,poetic names
Italy,Italia,"common, Italian"
Italy,Italy,English
Italy,Repubblica Italiana,official Italian name
Italy,the Beautiful Country,nickname
Italy,the Boot,"journalistic, unofficial, English"
Italy,Tirrenia,poetic names
Jamaica,Jamaica,English
Jamaica,Xamayca,Spanish version of Taino name
Japan,Cipangu,appeared in The Travels of Marco Polo in the 13th century
Japan,Gipangu,appeared in The Travels of Marco Polo in the 13th century
Japan,Hinomoto,appeared in The Travels of Marco Polo in the 13th century
Japan,Japan,English
Japan,Nihon,"alternate, more common reading of 日本 in Japanese"
Japan,Nippon,official name in Japanese
Japan,Ōyashima,"meaning the country of eight great islands, historic"
Japan,Yamato,"historic, ancient Japan"
Japan,Zipangu,appeared in The Travels of Marco Polo in the 13th century
Japan,倭,"historic, ancient Japan"
Japan,大八洲,"meaning the country of eight great islands, historic"
Japan,大和,"historic, ancient Japan"
Japan,日本,official name in Japanese
Jordan,Hashemite Kingdom of Jordan,"official, English"
Jordan,Jordan,English
Kazakhstan,Alaş,"former name, also poetic"
Kazakhstan,Alash,"former name, also poetic"
Kazakhstan,Kazakh Soviet Socialist Republic,"former Soviet name, English"
Kazakhstan,Kazakhskaya Sovetskaya Sotsialisticheskaya Respublika,"former Soviet name, Russian"
Kazakhstan,Kazakhstan,"common, English"
Kazakhstan,Qazaq Keñestik Socïalïstik Respwblïkası,"former Soviet name, Kazakh"
Kazakhstan,Qazaqstan,Kazakh short name in Latin script
Kazakhstan,Republic of Kazakhstan,official English long name
Kazakhstan,Алаш,"former name, also poetic"
Kazakhstan,Казахская Советская Социалистическая Республика,"former Soviet name, Russian"
Kazakhstan,Қазақ Кеңестік Социалистік Республикасы,"former Soviet name, Kazakh"
Kazakhstan,Қазақстан,official Kazakh short name
Kazakhstan,Қазақстан Республикасы,official Kazakh long name
Kenya,British East Africa Protectorate,former name when held in ‘protectorate’ status prior to becoming a colony starting in the 1880s until 1920
Kenya,Jamhuri ya Kenya,"official, Swahili"
Kenya,Kenya,"conventional short form, English"
Kenya,Kenya Colony,"former name during British colonization, from the 1920 until 1963"
Kenya,Republic of Kenya,"official, English"
"Korea, Dem. Rep.",Cho-son,"colloquial, Korean"
"Korea, Dem. Rep.",Choson Minjujuui Inmin Konghwaguk,"official, Korean"
"Korea, Dem. Rep.",D.P.R.K.,"initialism, English"
"Korea, Dem. Rep.",Democratic People's Republic of Korea,"official, English"
"Korea, Dem. Rep.",DPRK,"initialism, English"
"Korea, Dem. Rep.",Korea,"conventional short form, English"
"Korea, Dem. Rep.",North Korea,"common, English"
"Korea, Dem. Rep.",조선,"colloquial, Korean"
"Korea, Dem. Rep.",조선민주주의인민공화국,"official, Korean"
Korea,Dae-han-min-guk,"official, Korean"
Korea,Han-guk,"colloquial, Korean"
Korea,Korea,"conventional short form, English"
Korea,Korea Republic,"FIFA designation, English"
Korea,R.O.K.,"initialism, English"
Korea,Republic of Korea,"official, English"
Korea,ROK,"initialism, English"
Korea,South Korea,"common, English"
Korea,대한민국,"official, Korean"
Korea,한국,"colloquial, Korean"
Kyrgyz Republic,Kirghiz Soviet Socialist Republic,"former Soviet name, English"
Kyrgyz Republic,Kirghizia,former common English name prior to 1991
Kyrgyz Republic,Kirgizskaya Sovetskaya Sotsialisticheskaya Respublika,"former Soviet name, Russian"
Kyrgyz Republic,Kirgizstan,Russian transliteration of the English name
Kyrgyz Republic,Kyrgyz Republic,official English long name
Kyrgyz Republic,Kyrgyz Respublikasy,Kyrgyz short name in Latin script
Kyrgyz Republic,Kyrgyz Sovettik Sotsialisttik Respublikasy,"former Soviet name, Kyrgyz"
Kyrgyz Republic,Kyrgyzskaya Respublika,Russian short name in Latin script
Kyrgyz Republic,Kyrgyzstan,"common, English"
Kyrgyz Republic,Republic of Kyrgyzstan,"official English long name, 1990–1993"
Kyrgyz Republic,Киргизия,official Russian short name
Kyrgyz Republic,Киргизская Советская Социалистическая Республика,"former Soviet name, Russian"
Kyrgyz Republic,Кыргыз Республикасы,official Kyrgyz long name
Kyrgyz Republic,Кыргыз Советтик Социалисттик Республикасы,"former Soviet name, Kyrgyz"
Kyrgyz Republic,Кыргызская Республика,official Russian long name
Kyrgyz Republic,Кыргызстан,official Kyrgyz short name
Latvia,Latvia,"common, English"
Latvia,Latvija,"common, Latvian"
Latvia,Letland,"Dutch, Danish"
Latvia,Letonija,Serbian
Latvia,Letonnie,French
Latvia,Lettland,"German, Swedish"
Lebanon,Al-Jumhuriyya Al-Lubnaniyya,"official, Arabic"
Lebanon,Lebanon,"common, English"
Lebanon,Lebnan,"Common, Arabic"
Lebanon,Liban,"Common, French"
Lebanon,Lubnan,"Common, Arabic"
Lebanon,The Lebanese Republic,"official, English"
Lesotho,Basutoland,"former, English"
Lesotho,Kingdom of Lesotho,"official, English"
Lesotho,Lesotho,"common, English"
Lithuania,Lietuva,"common, Lithuanian"
Lithuania,Lithuania,"common, English"
Lithuania,Litva,"common, Russian"
Lithuania,Литва,"common, Russian"
Luxembourg,Grand Duchy of Luxembourg,"official, English"
Luxembourg,Grand-Duché de Luxembourg,"official, French"
Luxembourg,Großherzogtum Luxemburg,"official, German"
Luxembourg,Groussherzogdem Lëtzebuerg,"official, Luxembourgish"
Luxembourg,Lëtzebuerg,"common, Luxembourgish"
Luxembourg,Lussemburgo,"common, Italian"
Luxembourg,Luxembourg,"common, English"
Luxembourg,Luxemburg,"common, German"
Luxembourg,Luxemburgo,"common, Spanish & Portuguese"
Macedonia (FYROM),FYROM,English
Macedonia (FYROM),Macedonia,official Macedonian
Macedonia (FYROM),Paeonia,"Latin name, poetic"
Macedonia (FYROM),Republic of Macedonia,"official, English"
Macedonia (FYROM),The former Yugoslav Republic of Macedonia,English
Macedonia (FYROM),Vardar Banovina,former Yugoslav province
Macedonia (FYROM),Македонија,official Macedonian
Malawi,Malawi,"common, English"
Malawi,Nyasaland,"former, English"
Malawi,Republic of Malawi,"official, English"
Malaysia,Federation of Malaysia,"official long form, English"
Malaysia,Mǎláixīyà,"common, Mandarin"
Malaysia,Malaya,"former, English names of the various components"
Malaysia,Malaysia,"official, English"
Malaysia,Malesiya,"common, Tamil"
Malaysia,Persekutuan Malaysia,"official long form, Malay"
Malaysia,Sabah and Sarawak,"former, English names of the various components"
Malaysia,Tanah Melayu or Malay Land,"former, Malay"
Malaysia,மலேசியா,"common, Tamil"
Malaysia,马来西亚,"common, Mandarin"
Maldives,Dhibat-al-Mahal,"ancient, Arabic"
Maldives,Dhivehi Raajje,"official, Dhivehi"
Maldives,Mahal Dvipa or मालदीव,"ancient, Sanskrit"
Maldives,Maldives,"common, English"
Maldives,Maléldvipa,"ancient, Sanskrit"
Maldives,Republic of the Maldives,"official, English"
Maldives,The Maldive Islands,"colloquial, colonial"
Maldives,الدولة المحلديبية,"ancient, Arabic"
Maldives,ދިވެހިރާއްޖެ,"official, Dhivehi"
Mauritania,Islamic Republic of Mauritania,"official, English"
Mauritania,Mauritania,"common, English"
Mauritania,République Islamique de Mauritanie,"official, French"
Mexico,Aztlán,"Spanish, Nahuatl"
Mexico,Aztlān,"Spanish, Nahuatl"
Mexico,Estados Unidos Mexicanos,"official, Spanish"
Mexico,Méjico,Spanish variant
Mexico,MEX,"initialism, English"
Mexico,Mexico,"shortened form, English"
Mexico,México,Spanish short form
Mexico,MX,"initialism, English"
Mexico,República Mexicana,"Only heard in Mexico, colloquial, Spanish"
Mexico,United Mexican States,"official, English"
Moldova,Bassarabia,"historic name, still used by irredentists"
Moldova,Bessarabia,
Moldova,Boğdan,"'Land of Voyvoda I. Bogdan', former common and official name during Ottoman Empire, Turkish"
Moldova,Moldau,in German
Moldova,Moldavia,is an alternative name in English
Moldova,Moldavian Soviet Socialist Republic,"former Soviet name, English"
Moldova,Moldova,English
Moldova,Republic of Moldova,"official, English"
Moldova,Republica Moldova,"official, Moldovan and Romanian"
Moldova,Република Советикэ Сочиалистэ Молдовеняскэ,"former Soviet name, Moldovan"
Morocco,Al Maghribiya,"official, Arabic"
Morocco,Al Mamkaka,"official, Arabic"
Morocco,Kingdom of Morocco,"official, English"
Morocco,Maghreb,"The Sunset Country, English"
Morocco,Morocco,English
Myanmar,Burma,colloquial
Myanmar,Myanmar,English
Myanmar,Republic of the Union of Myanmar,"official, English"
Nepal,Federal Democratic Republic Of Nepal,"official, English"
Nepal,Nepal,"common, English"
Nepal,saṃghiya lokatāntrika gaṇatantra nepāla,"official, Nepalese"
Nepal,संघिय लोकतान्त्रिक गणतन्त्र नेपाल,"official, Nepalese"
Netherlands,Batavia,"former and poetic, Dutch and other languages"
Netherlands,Holland,"pars pro toto, English, Dutch and other languages"
Netherlands,Kingdom of the Netherlands,"official, English"
Netherlands,Koninkrijk der Nederlanden,"official, Dutch"
Netherlands,Nederland,Dutch
Netherlands,Netherlands,"official, English"
Netherlands,Pays-Bas,"French, used alongside ""Netherlands"" as names in the two official languages of the Int'l Olympic Committee"
New Zealand,Aotearoa,"official, Maori"
New Zealand,Dominion of New Zealand,"former official, English"
New Zealand,New Zealand,"official, English"
New Zealand,Realm of New Zealand,"official English name including Cook Islands, Niue, Tokelau, and Ross Dependency"
Norway,Kingdom of Norway,"official, English"
Norway,Kongeriket Noreg,"official, Norwegian Nynorsk"
Norway,Kongeriket Norge,"official, Norwegian Bokmål"
Norway,Noreg,"common, Norwegian Nynorsk"
Norway,Norge,"common, Norwegian Bokmål, Danish, Swedish"
Norway,Norway,"common, English"
Pakistan,Dominion of Pakistan,"historic official name, English"
Pakistan,Federation of Pakistan,"alternate official name, English"
Pakistan,Indoscythia,unofficial historical names
Pakistan,Islamic Republic of Pakistan,"official and constitutional, English"
Pakistan,Pakistan,"common, English"
Pakistan,Sindhustan,unofficial historical names
Pakistan,West Pakistan,"common and later official name for the area now covering Pakistan, used when discussing the polity before the secession of Bangladesh, English"
Peru,Peru,"common, English"
Peru,Perú,"common, Spanish"
Peru,Peruvian Republic,"former official name, English"
Peru,Republic of Peru,"official, English"
Peru,República del Perú,"official, Spanish"
Peru,República Peruana,"former official name, Spanish"
Philippines,Filipina,"common, Malay"
Philippines,Filipinas,"common Spanish and other local languages, contraction of following"
Philippines,Haríng Bayang Katagalugan,"""Sovereign Tagalog Nation"", historical, by Andrés Bonifacio"
Philippines,Islas de San Lázaro,"""Isles of Saint Lazarus"", historical, by Ferdinand Magellan"
Philippines,Las Islas Felipenas,"historical, by Ruy Lopez de Villalobos"
Philippines,Las Islas Filipinas,"named after Philip II of Spain, historical, Spanish; originally corruption of the following"
Philippines,PH,"official initialism, changed from RP to avoid confusion with Poland, English"
Philippines,Philippine Islands,"historic; official name under American control; also used colloquially, English"
Philippines,Philippines,"common, English"
Philippines,Pilipinas,"common, many local languages; corruption of the Spanish, Filipinas"
Philippines,Pinás,colloquial
Philippines,Republic of the Philippines,"official, English"
Philippines,Repúblika ng Pilipinas,"official, Filipino"
Poland,People's Republic of Poland,"former Communist name, English"
Poland,Poland,"common, English"
Poland,Polish-Lithuanian Commonwealth,"historic official name, English"
Poland,Polska,"common, Polish"
Poland,Polska Rzeczpospolita Ludowa,"former Communist name, Polish"
Poland,Republic of Poland,"official, English"
Poland,RP,"often journalistic, Polish"
Poland,Rzeczpospolita,"historic common name, Polish"
Poland,Rzeczpospolita Obojga Narodów,"historic official name, Polish"
Poland,Rzeczpospolita Polska,"official, Polish"
Poland,United Commonwealth of the Two Nations,"historic official name, English"
Portugal,Burtughāl,in Arabic
Portugal,Galaico-Portuguese nation and Portucale,"from the Gallaeci tribe, Celtic Gale and Roman-Celtic Portus Cale"
Portugal,Galician-Portuguese,ethnic term derived from the original language
Portugal,Lusitania,"official, Latin"
Portugal,Lusitaniae,Latin
Portugal,Luxitania,
Portugal,Ocidental Praia Lusitana,Western Lusitanian Beach
Portugal,Ophiussa also spelled Ophiusa,the ancient Greek name of what is now the Portuguese territory. It means Land of Serpents
Portugal,Pátria Lusitana,Lusitanian Fatherland
Portugal,Portingal,common classical English and other late medieval Germanic languages
Portugal,Portingall,
Portugal,Portugal,English
Portugal,Portugalensis patrie,
Portugal,Portugalensium patrie and Portugaliae,King Afonso I
Portugal,Portugalliae,
Portugal,Portugalliae et Algarbiae,
Portugal,Portugraal,Port of Grail
Portugal,Portuguese Republic,"official, English"
Portugal,Purtugall,Middle Ages
Portugal,Regno Portugalensium and Portugalis,"Latin, Medieval"
Romania,Kingdom of Romania,"name under monarchy, English"
Romania,Regatul României,"name under monarchy, Romanian"
Romania,Republica Populară Romînă,"former Communist name, Romanian"
Romania,Republica Socialistă România,"former Communist name, Romanian"
Romania,Romania,English
Romania,România,"official, Romanian"
Romania,Romanian People's Republic,"former Communist name, English"
Romania,Roumania,"archaic, English"
Romania,Socialist Republic of Romania,"former Communist name, English"
Russia,Great Russia,obsolete name
Russia,RF,"initialism, English"
Russia,Rossiya,"common, Russian"
Russia,RSFSR,former name initialism
Russia,Rus,"poetic or obsolete name, ambiguous"
Russia,Russia,"official and common name, ambiguous, English"
Russia,Russian Federation,official English description
Russia,Russian Socialist Federative Soviet Republic,"former name, 1918–1936"
Russia,Russian Soviet Federative Socialist Republic,"former name, 1936–1991"
Russia,Russland,German
Russia,Sovetskiy Soyuz,"common former name, transliterated"
Russia,Soviet Union,former name
Russia,Soyuz Sovetskikh Sotsialisticheskikh Respublik,"former official name, transliterated"
Russia,SSSR,former initialism
Russia,SU,"common, but former initialism, English"
Russia,Union of Soviet Socialist Republics,official former name
Russia,USSR,former initialism
Russia,Российская Федерация,official Russian
Russia,Россия,"common, Russian"
Russia,Сове́тский Сою́з,"common former name, Russian"
Russia,Союз Советских Социалистических Республик,"former official name, Russian"
Russia,СССР,"former initialism, Russian"
Rwanda,Pays des mille collines,"poetic, French"
Rwanda,Republic of Rwanda,"official, English"
Rwanda,République du Rwanda,"official, French"
Rwanda,Repubulika y'u Rwanda,"official, Kinyarwanda"
Rwanda,Ruanda,former colonial name
Rwanda,Rwanda,English
Rwanda,Rwandese Republic,"official, English"
Saudi Arabia,Al-Mamlaka al-Arabiyya as-Saudiyya,official name in Arabic
Saudi Arabia,Hijaz,Arabic
Saudi Arabia,Kingdom of Saudi Arabia,"official, English"
Saudi Arabia,KSA,"initialism, English"
Saudi Arabia,Riyadh regime,used in Iran's news media
Saudi Arabia,Saudi Arabia,"common, English"
Saudi Arabia,Saudia,"former in English, common in Arabic"
Singapore,Ciŋkappūr,"common, Tamil"
Singapore,little red dot,colloquial; originally derogatory
Singapore,Pulau Ujong,"historical, ancient"
Singapore,Republic of Singapore,"official, English"
Singapore,Shōnan-tō,"former, Japanese occupation"
Singapore,Singapore,"common, English"
Singapore,Singapura,"common, Malay"
Singapore,Sinhapura,"Sanskrit, i.e., Land of Lions"
Singapore,Xīnjiāpō,"common, Chinese"
Singapore,சிங்கப்பூர்,"common, Tamil"
Singapore,新加坡,"common, Chinese"
Singapore,昭南島,"former, Japanese occupation"
Slovak Republic,Slovak Republic,"official, English"
Slovak Republic,Slovak Socialist Republic,"former name, 1969 to 1990"
Slovak Republic,Slovakia,"common, English"
Slovak Republic,Slovenská republika,"official, Slovak"
Slovak Republic,Slovenská socialistická republika,"former name, Slovak"
Slovak Republic,Slovensko,"common, Slovak"
Slovak Republic,SR,English and Slovak initialism
Slovak Republic,SSR,English and Slovak initialism
South Africa,Azania,
South Africa,Mzansi,"Xhosa, for South"
South Africa,South Africa,"common, English"
South Africa,Suid-Afrika,"official, Afrikaans"
South Africa,Union of South Africa,"Colonial, pre-1961"
South Africa,Zuid-Afrika,"former official, Dutch"
Spain,Espainia,"common, Euskera"
Spain,España,"common, Spanish"
Spain,Espanya,"common, Catalan"
Spain,Hispania,Latin
Spain,Iberia,Latin
Spain,la pell de brau,"Catalan, ""the bull hide"", metaphoric name after the shape of the Iberian Peninsula"
Spain,la piel de toro,Spanish
Spain,Las Batuecas,derogatory name in the works of Mariano José de Larra
Spain,Reino de España,"official, Spanish"
Spain,Spain,English
Spain,Spanish State,"former name, also used now with political nuances"
Sri Lanka,Ceylon,"former, English"
Sri Lanka,Democratic Socialist Republic of Sri Lanka,"official, English"
Sri Lanka,elangai,"common, Tamil"
Sri Lanka,Heladiva,"Land of Sinhalese, former Sinhala"
Sri Lanka,Ratnadeepa,"Island of Gems, former Sinhala"
Sri Lanka,Sri Lanka,"common, Sanskrit, English"
Sri Lanka,Taprobane,one of the medieval names of Sri Lanka
Sri Lanka,இலங்கை,"common, Tamil"
Sri Lanka,இலங்கை சனநாயக சோசலிசக் குடியரசு,"official, Tamil"
St. Kitts & Nevis,Federation of Saint Christopher and Nevis,"co-official, English"
St. Kitts & Nevis,Federation of Saint Kitts and Nevis,"co-official, English"
St. Kitts & Nevis,Liamuiga and Oualie,"former indigenous names of the islands of Saint Kitts and Nevis, respectively"
St. Kitts & Nevis,Saint Christopher and Nevis,"alternate short-form, English"
St. Kitts & Nevis,Saint Christopher-Nevis-Anguilla,"former official, English"
St. Kitts & Nevis,Saint Kitts and Nevis,English
St. Kitts & Nevis,Saint Kitts or Saint Christopher,"shorthand, English"
St. Kitts & Nevis,Saint Kitts-Nevis-Anguilla,"former common, English"
St. Vincent & Grenadines,Hairouna,"former indigenous name, Carib"
St. Vincent & Grenadines,Saint Vincent and the Grenadines,English
Sudan,Anglo-Egyptian Sudan,"colonial name, English"
Sudan,Mahdist State,former English unofficial
Sudan,Nubia,"ancient name, also poetic"
Sudan,Republic of the Sudan,"official, English"
Sudan,Sudan,English
Sudan,The Sudan,alternate English
Suriname,Dutch Guiana,"former, English"
Suriname,Netherlands Guiana,"former official, English"
Suriname,Republic of Suriname,"official, English"
Suriname,Republiek Suriname,"official, Dutch"
Suriname,Surinam,until 1978
Suriname,Suriname,"common, English"
Sweden,Kingdom of Sweden,"official, English"
Sweden,Konungariket Sverige,"official, Swedish"
Sweden,Svea Rike,"possibly former/poetical, Swedish"
Sweden,Sverige,"common, Swedish, Danish, Norwegian"
Sweden,Svitjod,Old Norse
Sweden,Sweden,"common, English"
Sweden,Thule,"Latin name, also poetic"
Switzerland,CH,"initialism, English"
Switzerland,Confédération suisse,"official, French"
Switzerland,Confederazione Svizzera,"official, Italian"
Switzerland,Confederaziun Svizra,"official, Romansh"
Switzerland,Confoederatio Helvetica,
Switzerland,Helvetia,"Latin, sometimes used officially"
Switzerland,Schweiz,"common, German, Danish, Swedish"
Switzerland,Schweizerische Eidgenossenschaft,"official, German"
Switzerland,Suisse,"common, French"
Switzerland,Svizra,"common, Romansh"
Switzerland,Svizzera,"common, Italian"
Switzerland,Swiss Confederation,"official, English"
Switzerland,Switzerland,"common, English"
Chinese Taipei,Cathay,"obsolete, now mainly used poetically"
Chinese Taipei,Chinese Taipei,English
Chinese Taipei,Formosa,"former, English"
Chinese Taipei,Free China,"obsolete, pro-Nationalist"
Chinese Taipei,Kinmen and Matsu,
Chinese Taipei,Nationalist China,"obsolete, but still mainly used by Western countries"
Chinese Taipei,Penghu,
Chinese Taipei,Province of China,UN designation
Chinese Taipei,Qing dynasty,former name
Chinese Taipei,Republic of China,"official, English"
Chinese Taipei,ROC,"initialism, English"
Chinese Taipei,Separate Customs Territory of Taiwan,English
Chinese Taipei,Taipei,English
Chinese Taipei,Taiwan,"common, English"
Chinese Taipei,Zhonggua Taipei,"international designation, pinyin"
Chinese Taipei,中國,"more common until 1971, ambiguous"
Chinese Taipei,中華台北,international designation
Chinese Taipei,中華民國,"official, Chinese"
Chinese Taipei,台灣,"common, Chinese"
Chinese Taipei,台灣、澎湖、金門及馬祖個別關稅領域,international designation
Chinese Taipei,臺灣,
Tanzania,Deutsch-Ostafrika,"together with Ruanda and Urundi means German East Africa, colonial name until 1918"
Tanzania,Tanzania,"common, English"
Tanzania,United Republic of Tanganyika and Zanzibar,"former, English"
Tanzania,United Republic of Tanzania,"official, English"
Thailand,Kingdom of Thailand,"official, English"
Thailand,Siam,"former, English"
Thailand,Thailand,"common, English"
Thailand,ประเทศไทย,"common, Thai"
Thailand,ประเทศสยาม,"former, Thai"
Thailand,ราชอาณาจักรไทย,"official, Thai"
Trinidad & Tobago,Iere,"poetic, ""Land of the Hummingbird,"" believed to be derived from Arawak"
Trinidad & Tobago,Republic of Trinidad and Tobago,"official, English"
Trinidad & Tobago,Trinbago,"informal, English"
Trinidad & Tobago,Trinidad and Tobago,"common, English"
Tunisia,Republic of Tunisia,"official, longform"
Tunisia,Tunisia,"official shortform name, English"
Tunisia,الجمهورية التونسية,"official, Arabic"
Tunisia,تونس,"official, Arabic"
Turkey,Anatolia,"geographical, English"
Turkey,Asia Minor,"geographical, English"
Turkey,Ottoman Empire,"former, English"
Turkey,Porte or Sublime Porte,the former Ottoman state
Turkey,Republic of Turkey,"official, English"
Turkey,Turkey,English
Turkey,Turkish Empire,"former unofficial, English"
Turkey,Türkiye Cumhuriyeti,"official, Turkish"
Ukraine,Kievan Rus,Former name for of East Slavic tribes in Europe from the late 9th to the mid-13th century
Ukraine,Kingdom of Galicia–Volhynia,
Ukraine,Kingdom of Ruthenia,historic name of Western Ukraine
Ukraine,UA,"initialism, English"
Ukraine,UKR.,"initialism, English"
Ukraine,Ukraine,"official, English"
Ukraine,Ukraїna,Ukrainian
Ukraine,Zaporizhian Host,is an adopted name in historiography for the Ukrainian Cossack state on the territory of Dnieper Ukraine and Siveria that existed between 1649 and 1764
United Arab Emirates,Al Emirat al Arabbiya al Muttahida,"official, Arabic"
United Arab Emirates,Trucial States,prior to 1971
United Arab Emirates,U.A.E.,English initialism
United Arab Emirates,UAE,English initialism
United Arab Emirates,United Arab Emirates,English
United Kingdom,Alba,"Scottish, Gaelic-refers specifically to Scotland"
United Kingdom,Albion,"poetic, Latin"
United Kingdom,Anglia,"poetic, Latin, refers specifically to England"
United Kingdom,Britain,colloquial
United Kingdom,Britannia,"poetic, Latin"
United Kingdom,Caledonia,"poetic, Latin-refers specifically to Scotland"
United Kingdom,Cambria,"poetic, Latin-refers to Wales"
United Kingdom,Cymru,"official, Welsh-refers specifically to Wales"
United Kingdom,Great Britain,colloquial
United Kingdom,Perfidious Albion,if said by an old enemy mainly humorous today
United Kingdom,U.K.,"initialism, English"
United Kingdom,UK,"initialism, English"
United Kingdom,Ulster,"colloquial, refers specifically to Northern Ireland"
United Kingdom,United Kingdom,"short form, English"
United Kingdom,United Kingdom of Great Britain and Northern Ireland,"official, English"
United States,Alleghany,names proposed after American Revolutionary War
United States,America,colloquial
United States,Appalachia,"Latin, poetic"
United States,Columbia,"Latin, poetic"
United States,Freedonia,"Latin, poetic"
United States,the States,colloquial
United States,U.S.,"initialism, English"
United States,U.S.A,"initialism, English"
United States,U.S.A.,"initialism, English"
United States,United States,"shortened form, English"
United States,United States of America,"official, English"
United States,US,"initialism, English"
United States,USA,"initialism, English"
United States,Usa,"initialism, English"
United States,Usonia,used by James Duff Law and popularized by Frank Lloyd Wright
United States,Usono,"Esperanto; comes from Usona "
Vanuatu,New Hebrides,former name under British and French condominium rule from 1906 to 1980
Vanuatu,Niuhebridis,Bislama
Vanuatu,Nouvelles Hebrides,former official name in French
Vanuatu,République de Vanuatu,French
Vanuatu,Ripablik blong Vanuatu,Bislama
Vanuatu,Vanuatri,jocular name used in humour
Vanuatu,Vanuatu,"common, English"
Vietnam,An Nam,former name in other foreign languages
Vietnam,Champa,historical kingdom
Vietnam,Cộng hòa Xã hội Chủ nghĩa Việt Nam,"official, Vietnamese"
Vietnam,Đại Việt,historical kingdom
Vietnam,Democratic Republic of Vietnam,English
Vietnam,French Indochina,"former name under French colonization when united with Laos and Cambodia, English"
Vietnam,Giao Chỉ,former Chinese province or vassal kingdom
Vietnam,Lĩnh Nam,poetic name
Vietnam,Republic of Vietnam,South Vietnam from 1954 to 1975
Vietnam,S.R.V.,English initialism
Vietnam,Socialist Republic of Vietnam,"official, English"
Vietnam,SRV,English initialism
Vietnam,V.N.,English initialism
Vietnam,Việt Nam,"short form, Vietnamese"
Vietnam,Vietnam,"common, English"
Vietnam,VN,English initialism
Zambia,Northern Rhodesia,"former, English"
Zambia,Republic of Zambia,"official, English"
Zambia,Zambia,"common, English"
Zimbabwe,Republic of Rhodesia,"former names, English"
Zimbabwe,Republic of Zimbabwe,"official, English"
Zimbabwe,Rhodesia,"former names, English"
Zimbabwe,Southern Rhodesia,"former, English"
Zimbabwe,Zimbabwe,"common, English"
Serbia,Raška,alternative name in medieval times
Serbia,Republic of Serbia,"official, English"
Serbia,Republika Srbija,"official, Serbian"
Serbia,Serbia,"common, English"
Serbia,Serbia and Montenegro,"former common, English"
Serbia,Servia,"archaic, English"
Serbia,Srbija,"common, Serbian"
Serbia,Yugoslavia,"former common, English"
Montenegro,Black Mountain,literal translation
Montenegro,Crna Gora,"official, Montenegrin, Serbian and Croatian"
Montenegro,Duklja,name in medieval times
Montenegro,Karadag,"official, Turkish"
Montenegro,Mali i Zi,"official, Albanian"
Montenegro,Montenegro,"official, English and other languages"
Montenegro,Republic of Montenegro,"official until 2007, English"
Montenegro,Republika Crna Gora,official until 2007
Montenegro,Zeta,alternative name in medieval times
Albania,Albania,"common, English"
Albania,Arbanon,"former, English"
Albania,Arnavutluk,Turkish
Albania,Republic of Albania,"official, English"
Albania,Republika e Shqipërisë,"official, Albanian"
Algeria,al Jumhuriyya al Jazaa'iriyya ad-Dīmuqrāţiyya ash Sha'biyya,"official, Arabic"
Algeria,Algeria,"common, English"
Algeria,al-Jazā’ir,"common, Arabic"
Algeria,People's Democratic Republic of Algeria,"official, English"
Puerto Rico,Associated Free State of Puerto Rico,non-official literal translation to English of the official Spanish name
Puerto Rico,Borikén,
Puerto Rico,Borinken,former Taíno name also used colloquially and among nationalists
Puerto Rico,Borinquen,
Puerto Rico,Commonwealth of Puerto Rico,"official, English"
Puerto Rico,Estado Libre Asociado de Puerto Rico,"official, Spanish"
Puerto Rico,Porto Rico,"archaic, English"
Puerto Rico,Puerto Rico,"common, English and Spanish"
Kosovo,Kosovo,"common, English"
Kosovo,Republic of Kosovo,"official, English"
Kosovo,Republika e Kosovës,"official, Albanian"
Trinidad & Tobago,Trinidad,"common, English"
Trinidad & Tobago,Tobago,"common, English"
